,GENE,CHR,START,STOP,NSNPS,NPARAM,N,ZSTAT,P,Genename,
1,18,16,8733444,8888432,1107,105,455258,2.2912,0.010975,ABAT,
2,102,15,58877403,59077177,682,36,455258,4.793,8.215E-07,ADAM10,
3,120,10,111730627,111905323,650,39,455258,2.0065,0.022402,ADD3,
4,161,11,890809,1022245,584,33,455258,2.6605,0.0039014,AP2A2,
5,167,6,49791970,49879809,314,27,455258,2.0159,0.021907,CRISP1,
6,225,12,39935022,40048843,350,41,455258,2.0117,0.022126,ABCD2,
7,226,16,30029411,30091741,114,18,455258,3.9699,3.595E-05,ALDOA,
8,274,2,127795599,127899903,536,40,455258,8.0432,4.3767E-16,BIN1,
9,290,15,90318126,90393119,316,42,455258,2.3766,0.0087355,ANPEP,
10,336,1,161182083,161228418,210,35,455258,3.0416,0.0011767,APOA2,
11,341,19,45382577,45432606,197,41,455258,6.1094,5E-10,APOC1,
12,344,19,45414239,45462822,183,22,455258,6.1094,5E-10,APOC2,
13,346,19,45410495,45458753,180,23,455258,7.4933,3.3584E-14,APOC4,
14,348,19,45374039,45422650,199,44,455258,7.2605,1.9279E-13,APOE,
15,350,17,64198147,64260556,292,25,455258,2.578,0.0049692,APOH,
16,351,21,27242861,27578446,1289,81,455258,2.9606,0.0015351,APP,
17,375,1,228235361,228296913,142,30,455258,1.984,0.023629,ARF1,
18,378,3,57547090,57618215,235,30,455258,1.9791,0.023901,ARF4,
19,417,11,3628487,3695844,445,58,455258,2.0946,0.018105,ART1,
20,478,19,42460628,42533428,130,40,455258,1.9651,0.024703,ATP1A3,
21,514,20,57593733,57642422,155,25,455258,2.2591,0.01194,ATP5E,
22,558,19,41690104,41777672,312,48,455258,2.5278,0.0057387,AXL,
23,563,7,99554350,99608735,150,25,455258,4.6446,1.7037E-06,AZGP1,
24,602,19,45211070,45273301,278,32,455258,8.1839,1.3738E-16,BCL3,
25,659,2,203206033,203442474,598,39,455258,2.2881,0.011065,BMPR2,
26,708,17,5326099,5377471,199,34,455258,2.3036,0.010623,C1QBP,
27,725,1,207227210,207283338,210,42,455258,2.7896,0.0026384,C4BPB,
28,766,16,66843282,66898052,159,28,455258,2.4951,0.0062964,CA7,
29,771,15,63605730,63709326,390,58,455258,2.3348,0.0097766,CA12,
30,889,7,91818283,91910414,169,37,455258,2.4165,0.0078349,KRIT1,
31,902,5,86677310,86743850,191,31,455258,1.9719,0.024312,CCNH,
32,905,2,135641363,135726915,237,24,455258,3.334,0.00042803,CCNT2,
33,912,1,158112828,158166217,164,18,455258,1.9676,0.024557,CD1D,
34,929,5,140001313,140048286,186,28,455258,2.7836,0.0026879,CD14,
35,932,11,59789101,59848588,224,37,455258,5.4846,2.0724E-08,MS4A3,
36,945,19,51693335,51753274,214,37,455258,4.3074,8.2589E-06,CD33,
37,1018,17,73961235,74012080,237,39,455258,1.9706,0.024383,CDK3,
38,1031,1,51399367,51450309,104,24,455258,2.7315,0.0031521,CDKN2C,
39,1072,11,65612282,65660804,147,25,455258,3.3974,0.00034018,CFL1,
40,1128,11,62666151,62724012,179,39,455258,2.1872,0.014363,CHRM1,
41,1135,8,27307278,27371813,332,46,455258,3.6743,0.00011925,CHRNA2,
42,1145,17,4791064,4841369,262,30,455258,3.4552,0.00027494,CHRNE,
43,1158,19,45799671,45861302,256,36,455258,5.4975,1.9264E-08,CKM,
44,1180,7,142978219,143059097,221,53,455258,2.1569,0.015507,CLCN1,
45,1191,8,27444434,27507328,228,35,455258,6.2779,1.7163E-10,CLU,
46,1209,19,45422842,45506604,288,20,455258,7.4158,6.0455E-14,CLPTM1,
47,1258,16,57906244,58040020,576,90,455258,2.1831,0.014514,CNGB1,
48,1259,4,47927994,48053646,537,31,455258,2.148,0.015857,CNGA1,
49,1265,19,991274,1049064,486,55,455258,6.0514,7.1795E-10,CNN2,
50,1268,6,88839583,88911063,305,46,455258,2.0765,0.018922,CNR1,
51,1270,11,58355146,58403206,146,28,455258,2.1558,0.015549,CNTF,
52,1353,17,53019259,53081064,238,22,455258,2.0001,0.022742,COX11,
53,1378,1,207634473,207825110,624,61,455258,6.4942,4.1745E-11,CR1,
54,1379,1,207783458,207907036,665,42,455258,5.6803,6.7234E-09,CR1L,
55,1380,1,207592645,207673240,286,33,455258,3.0634,0.0010944,CR2,
56,1411,17,27538875,27591512,173,28,455258,2.4251,0.0076522,CRYBA1,
57,1456,5,122812793,122962739,377,32,455258,2.723,0.0032351,CSNK1G3,
58,1477,20,54932427,54989582,190,47,455258,3.3917,0.00034725,CSTF1,
59,1489,16,30872928,30924881,85,14,455258,4.0469,2.5945E-05,CTF1,
60,1512,15,79204092,79272436,338,38,455258,2.1352,0.016373,CTSH,
61,1521,11,65612284,65661212,148,25,455258,3.4049,0.000331,CTSW,
62,1534,17,61499665,61558724,105,23,455258,4.3296,7.4684E-06,CYB561,
63,1539,9,105722593,105790770,352,33,455258,2.2054,0.013715,CYLC2,
64,1604,1,207459817,207544311,266,21,455258,3.0688,0.0010747,CD55,
65,1621,9,136466485,136534466,398,70,455258,2.1139,0.017262,DBH,
66,1636,17,61519422,61585741,198,33,455258,4.8577,5.9372E-07,ACE,
67,1760,19,46262975,46320815,188,31,455258,3.2478,0.00058145,DMPK,
68,1762,19,46276205,46331060,203,29,455258,3.3072,0.00047112,DMWD,
69,1783,16,66744796,66820526,214,20,455258,3.0546,0.0011267,DYNC1LI2,
70,1812,5,174857675,174906163,256,36,455258,2.2693,0.011624,DRD1,
71,1819,17,17956181,18021299,198,25,455258,3.1402,0.00084428,DRG2,
72,1839,5,139702428,139761188,126,32,455258,3.6501,0.00013109,HBEGF,
73,1956,7,55051678,55289262,941,117,455258,2.088,0.018401,EGFR,
74,1977,4,99789607,99886786,350,28,455258,2.8751,0.0020194,EIF4E,
75,2001,11,34490342,34570347,300,39,455258,2.0739,0.019044,ELF5,
76,2015,19,6852560,6950464,673,44,455258,2.2142,0.013406,ADGRE1,
77,2027,17,4818404,4870426,208,43,455258,3.0735,0.0010578,ENO3,
78,2041,7,143078205,143140985,219,46,455258,6.6487,1.4787E-11,EPHA1,
79,2050,7,100390187,100460143,239,41,455258,2.9861,0.001413,EPHB4,
80,2053,8,27313519,27412439,477,50,455258,3.657,0.0001276,EPHX2,
81,2059,12,15763075,15977510,342,71,455258,2.6552,0.0039634,EPS8,
82,2067,19,45900591,46017241,454,55,455258,4.6304,1.8252E-06,ERCC1,
83,2068,19,45844649,45908845,214,38,455258,4.1397,1.7387E-05,ERCC2,
84,2074,10,50652526,50782169,461,40,455258,2.104,0.01769,ERCC6,
85,2109,19,51838409,51904672,340,46,455258,2.1573,0.015492,ETFB,
86,2131,8,118801602,119159058,1264,90,455258,2.3218,0.010122,EXT1,
87,2146,7,148494464,148616441,331,44,455258,2.0409,0.020629,EZH2,
88,2180,4,185666749,185782215,603,60,455258,2.8148,0.0024405,ACSL1,
89,2185,8,27133999,27326908,801,51,455258,3.8397,6.1591E-05,PTK2B,
90,2186,17,65786644,65990494,659,29,455258,2.7211,0.0032536,BPTF,
91,2206,11,59820734,59875940,259,24,455258,6.4352,6.1673E-11,MS4A2,
92,2207,1,161150087,161199038,171,46,455258,4.9611,3.5056E-07,FCER1G,
93,2262,13,92015935,93529490,5627,243,455258,2.7036,0.0034292,GPC5,
94,2289,6,35531362,35731360,661,52,455258,2.6103,0.004523,FKBP5,
95,2309,6,108846026,109015972,435,38,455258,2.5651,0.0051567,FOXO3,
96,2354,19,45936253,45988437,222,38,455258,4.3311,7.4182E-06,FOSB,
97,2523,19,49241268,49293647,223,41,455258,2.3308,0.0098812,FUT1,
98,2524,19,49164228,49219191,280,24,455258,2.2314,0.012826,FUT2,
99,2528,19,5820637,5874764,276,54,455258,2.596,0.0047159,FUT6,
100,2547,22,41982250,42070052,309,27,455258,2.8783,0.0019991,XRCC6,
101,2597,12,6608585,6657537,206,28,455258,2.0477,0.020294,GAPDH,
102,2622,16,90051056,90121379,417,43,455258,2.0094,0.022247,GAS8,
103,2633,1,89507987,89566043,259,25,455258,2.2577,0.011983,GBP1,
104,2634,1,89561815,89626842,264,22,455258,2.0652,0.019453,GBP2,
105,2650,9,78999752,79132332,684,46,455258,2.1505,0.015759,GCNT1,
106,2690,5,42388577,42731980,1102,71,455258,3.0217,0.0012569,GHR,
107,2696,19,46136490,46195717,290,25,455258,2.2885,0.011054,GIPR,
108,2779,3,50194043,50245129,122,22,455258,2.6598,0.0039088,GNAT1,
109,2793,17,47273596,47322936,187,37,455258,4.3127,8.0638E-06,GNGT2,
110,2811,17,4800312,4848325,231,37,455258,3.5501,0.00019256,GP1BA,
111,2828,19,46083022,46140466,194,38,455258,2.6828,0.0036504,GPR4,
112,2850,3,71768201,71814328,159,26,455258,2.2863,0.011118,GPR27,
113,2862,13,49759474,49806513,69,16,455258,2.0405,0.02065,MLNR,
114,2877,14,65395870,65444623,185,26,455258,2.2189,0.013247,GPX2,
115,2878,5,150364999,150418554,209,35,455258,2.0121,0.022103,GPX3,
116,2879,19,1068936,1116787,255,49,455258,4.3506,6.7896E-06,GPX4,
117,2890,5,152835084,153203429,1616,92,455258,2.3095,0.010457,GRIA1,
118,2905,17,72828162,72891966,230,29,455258,2.6489,0.0040381,GRIN2C,
119,2987,1,228292668,228346656,120,27,455258,2.1505,0.015759,GUK1,
120,3035,5,140043490,140106681,218,25,455258,2.8279,0.002343,HARS,
121,3074,5,73900547,74027113,412,58,455258,2.4177,0.0078087,HEXB,
122,3087,10,94414681,94465408,174,29,455258,2.1555,0.015562,HHEX,
123,3140,1,180967561,181041074,262,38,455258,1.9691,0.024471,MR1,
124,3171,19,46332518,46387055,236,28,455258,2.8425,0.0022383,FOXA3,
125,3176,2,138686808,138783934,310,33,455258,2.0574,0.019822,HNMT,
126,3308,5,132352662,132450709,356,26,455258,3.0668,0.0010817,HSPA4,
127,3355,3,87806929,88053964,1032,37,455258,2.4117,0.0079387,HTR1F,
128,3550,5,139992384,140052065,225,33,455258,2.9083,0.0018167,IK,
129,3609,19,10729937,10813095,253,25,455258,2.1308,0.016554,ILF3,
130,3623,2,220401954,220450435,176,31,455258,2.5404,0.0055358,INHA,
131,3674,17,42439550,42501873,125,22,455258,2.6845,0.0036315,ITGA2B,
132,3681,16,31369633,31447826,181,40,455258,2.2032,0.01379,ITGAD,
133,3683,16,30448983,30544506,200,40,455258,2.1631,0.015267,ITGAL,
134,3684,16,31236288,31354213,308,20,455258,2.5752,0.0050098,ITGAM,
135,3687,16,31331488,31404320,231,27,455258,2.2595,0.011926,ITGAX,
136,3696,7,20335345,20465382,521,42,455258,2.0234,0.021514,ITGB8,
137,3739,11,30021288,30073577,174,33,455258,2.1029,0.017736,KCNA4,
138,3760,2,155520093,155724864,842,75,455258,2.1428,0.016064,KCNJ3,
139,3777,2,26880581,26964066,258,35,455258,2.1284,0.016651,KCNK3,
140,3783,19,44260685,44321269,291,28,455258,3.4043,0.00033173,KCNN4,
141,3822,12,10573198,10623780,203,23,455258,2.1329,0.016468,KLRC2,
142,3823,12,10554914,10608194,184,22,455258,2.1453,0.015966,KLRC3,
143,3838,17,65996848,66052970,199,17,455258,2.1586,0.015439,KPNA2,
144,3848,12,53058520,53109191,226,35,455258,2.0205,0.021666,KRT1,
145,3849,12,53028342,53080959,312,37,455258,2.0831,0.018622,KRT2,
146,3927,17,36991112,37088023,386,64,455258,2.2423,0.012471,LASP1,
147,3933,9,138378284,138428386,277,37,455258,2.0405,0.020648,LCN1,
148,3982,19,51873163,51926210,248,34,455258,2.2378,0.012618,LIM2,
149,3990,15,58667953,58871073,978,130,455258,3.7883,7.5844E-05,LIPC,
150,4059,19,45277316,45334678,189,30,455258,7.4042,6.5947E-14,BCAM,
151,4143,10,82021576,82084721,257,22,455258,2.6609,0.0038967,MAT1A,
152,4176,7,99680351,99734563,168,35,455258,3.3719,0.00037319,MCM7,
153,4237,1,17290997,17343081,177,32,455258,2.0193,0.02173,MFAP2,
154,4255,10,131230454,131575783,1703,75,455258,2.7048,0.0034169,MGMT,
155,4259,1,165565110,165635373,415,37,455258,1.9801,0.023846,MGST3,
156,4301,6,168192602,168382703,753,37,455258,2.0578,0.019805,MLLT4,
157,4311,3,154762436,154911518,438,64,455258,3.1438,0.00083394,MME,
158,4607,11,47342957,47409253,247,41,455258,3.2966,0.00048931,MYBPC3,
159,4641,17,1357480,1431001,355,58,455258,2.7581,0.0029065,MYO1C,
160,4643,15,59418168,59700071,1151,98,455258,2.0366,0.020843,MYO1E,
161,4695,5,140014948,140062370,171,29,455258,2.8817,0.0019776,NDUFA2,
162,4720,1,161132209,161194185,210,54,455258,5.2288,8.5324E-08,NDUFS2,
163,4771,22,29964545,30104589,483,44,455258,1.9909,0.023245,NF2,
164,4800,6,41005707,41080146,320,28,455258,2.2092,0.013581,NFYA,
165,4809,22,42059937,42120296,243,29,455258,2.2427,0.012457,NHP2L1,
166,4817,1,161052862,161105235,164,42,455258,4.1519,1.6488E-05,NIT1,
167,4818,19,51864874,51910976,251,37,455258,2.409,0.0079992,NKG7,
168,4830,17,49195920,49249450,208,34,455258,2.46,0.0069468,NME1,
169,4831,17,49207796,49259105,209,30,455258,2.3552,0.0092562,NME2,
170,4861,19,47488077,47559033,261,50,455258,1.9803,0.023835,NPAS1,
171,4899,7,129216555,129406922,725,46,455258,3.4499,0.00028043,NRF1,
172,4902,19,5788818,5838335,230,44,455258,2.7166,0.0032975,NRTN,
173,4927,17,5279346,5358400,420,23,455258,2.6474,0.0040557,NUP88,
174,4948,15,27990021,28379483,1431,74,455258,2.2432,0.012441,OCA2,
175,4956,8,103528848,103583245,382,53,455258,2.1204,0.016987,ODF1,
176,5110,6,150035831,150142557,316,13,455258,2.1546,0.015595,PCMT1,
177,5139,12,20487179,20850575,1491,110,455258,2.0225,0.021562,PDE3A,
178,5142,1,66223193,66850262,2070,105,455258,2.4155,0.0078576,PDE4B,
179,5166,7,95202809,95260925,278,30,455258,2.6471,0.004059,PDK4,
180,5176,17,1630259,1690859,301,42,455258,1.9982,0.022848,SERPINF1,
181,5201,5,139614635,139717689,251,26,455258,2.3043,0.010603,PFDN1,
182,5202,1,161060346,161122866,189,39,455258,4.3943,5.5575E-06,PFDN2,
183,5208,1,207172761,207264368,414,42,455258,4.5095,3.2497E-06,PFKFB2,
184,5216,17,4838945,4887381,190,46,455258,3.4514,0.00027888,PFN1,
185,5245,17,47471410,47527267,214,46,455258,3.2896,0.00050164,PHB,
186,5250,12,98952403,99005778,217,49,455258,2.0517,0.020098,SLC25A3,
187,5261,16,30724574,30782497,85,30,455258,3.2842,0.00051128,PHKG2,
188,5306,17,1411283,1501110,384,55,455258,3.1575,0.00079557,PITPNA,
189,5329,19,44140247,44209498,317,52,455258,2.4366,0.0074135,PLAUR,
190,5336,16,81777899,82006290,1745,149,455258,4.0564,2.4922E-05,PLCG2,
191,5345,17,1611015,1668562,244,38,455258,2.4158,0.0078506,SERPINF2,
192,5346,15,90197598,90257648,234,31,455258,2.913,0.0017897,PLIN1,
193,5372,22,41962890,42020871,190,22,455258,2.6519,0.0040025,PMM1,
194,5373,16,8856670,8953194,686,41,455258,3.1857,0.00072196,PMM2,
195,5434,19,1076578,1130391,300,49,455258,3.6285,0.00014254,POLR2E,
196,5481,4,159620279,159679552,154,32,455258,1.9833,0.023667,PPID,
197,5498,1,161100832,161158136,157,35,455258,4.9087,4.5845E-07,PPOX,
198,5525,1,212423879,212545205,410,34,455258,2.237,0.012645,PPP2R5A,
199,5531,16,30052297,30106698,93,23,455258,3.4399,0.00029096,PPP4C,
200,5552,10,70812828,70874567,238,31,455258,2.157,0.015503,SRGN,
201,5579,16,23812300,24241932,1725,136,455258,2.3695,0.0089069,PRKCB,
202,5587,14,30035685,30431899,1404,87,455258,2.4692,0.006771,PRKD1,
203,5617,6,22277473,22338082,248,44,455258,3.4525,0.00027774,PRL,
204,5624,2,128140996,128196822,186,27,455258,2.148,0.015856,PROC,
205,5649,7,103102231,103664963,2648,137,455258,2.1962,0.014037,RELN,
206,5652,16,31132754,31182151,91,22,455258,4.6711,1.4983E-06,PRSS8,
207,5654,10,124186041,124284424,436,49,455258,2.7497,0.0029829,HTRA1,
208,5663,14,73568143,73700399,456,43,455258,2.3617,0.0090956,PSEN1,
209,5693,14,23475752,23539429,178,45,455258,3.2811,0.00051707,PSMB5,
210,5702,11,47430320,47483024,186,22,455258,3.3174,0.00045437,PSMC3,
211,5706,14,53138894,53204716,200,40,455258,3.158,0.00079436,PSMC6,
212,5727,9,98195264,98314247,469,42,455258,2.6565,0.003948,PTCH1,
213,5813,5,139458708,139509001,77,22,455258,2.6458,0.0040747,PURA,
214,5817,19,45112098,45179429,217,36,455258,7.2258,2.4908E-13,PVR,
215,5819,19,45314393,45402485,446,56,455258,7.6174,1.2941E-14,PVRL2,
216,5822,21,45492208,45561063,288,21,455258,2.1396,0.016192,PWP2,
217,5879,7,6379126,6453598,437,36,455258,1.9803,0.023837,RAC1,
218,5913,11,47449308,47505730,176,24,455258,2.8942,0.0019008,RAPSN,
219,5921,5,86529070,86697743,482,41,455258,2.2123,0.013474,RASA1,
220,5937,2,161118662,161385366,946,60,455258,2.5456,0.0054545,RBMS1,
221,5955,15,77188962,77252601,140,26,455258,2.131,0.016546,RCN2,
222,5962,11,110035605,110202437,417,30,455258,2.0745,0.019019,RDX,
223,5971,19,45469707,45551456,243,43,455258,6.1094,5E-10,RELB,
224,6093,18,18519701,18726812,207,22,455258,2.0606,0.019668,ROCK1,
225,6121,1,68884507,68950642,244,40,455258,2.1163,0.017158,RPE65,
226,6184,3,128328813,128404719,309,23,455258,2.8678,0.0020669,RPN1,
227,6203,19,54669608,54721515,258,46,455258,2.9743,0.0014681,RPS9,
228,6253,19,45978546,46035313,221,38,455258,3.1877,0.00071697,RTN2,
229,6288,11,18252754,18316424,294,41,455258,2.0203,0.021678,SAA1,
230,6405,3,50157562,50236508,185,31,455258,2.5984,0.0046826,SEMA3F,
231,6510,19,47253587,47327280,289,37,455258,2.1559,0.015545,SLC1A5,
232,6539,12,289243,358740,438,70,455258,2.2076,0.013638,SLC6A12,
233,6540,12,319787,407039,404,57,455258,2.566,0.0051434,SLC6A13,
234,6569,5,176776432,176835849,134,26,455258,2.8165,0.0024275,SLC34A1,
235,6610,6,109726849,109775125,168,24,455258,2.3238,0.010068,SMPD2,
236,6631,6,34689871,34751634,323,19,455258,2.0085,0.022296,SNRPC,
237,6633,19,46180712,46230569,140,34,455258,3.0546,0.0011269,SNRPD2,
238,6642,15,64351275,64446433,330,28,455258,2.4285,0.0075802,SNX1,
239,6653,11,121287912,121514471,571,76,455258,4.8036,7.7927E-07,SORL1,
240,6688,11,47366409,47435127,272,24,455258,3.3722,0.0003729,SPI1,
241,6720,17,17704663,17775331,221,29,455258,2.8683,0.0020635,SREBF1,
242,6722,6,43103920,43159244,187,27,455258,2.1276,0.016686,SRF,
243,6729,14,35416901,35508773,437,24,455258,2.3447,0.0095218,SRP54,
244,6746,1,155968839,156025758,140,29,455258,2.0404,0.020654,SSR2,
245,6789,20,43560120,43718600,553,43,455258,2.7623,0.0028697,STK4,
246,6790,20,54934445,55002351,205,55,455258,4.3751,6.0676E-06,AURKA,
247,6810,16,31009416,31061489,100,14,455258,4.0716,2.3345E-05,STX4,
248,6815,14,53161883,53251707,232,33,455258,3.6531,0.00012955,STYX,
249,6827,17,56412536,56464599,147,34,455258,3.102,0.00096107,SUPT4H1,
250,6847,1,115362455,115547991,578,34,455258,2.2948,0.010873,SYCP1,
251,6850,9,93529012,93670842,802,80,455258,2.7645,0.0028502,SYK,
252,6854,3,12147150,12243532,320,31,455258,2.4736,0.006688,SYN2,
253,6878,7,99694693,99752481,168,37,455258,4.0635,2.4175E-05,TAF6,
254,6885,6,91213292,91332020,418,29,455258,2.2998,0.01073,MAP3K7,
255,6911,16,30087114,30138258,96,28,455258,2.9974,0.0013616,TBX6,
256,6945,17,40684078,40735221,174,30,455258,2.0616,0.019623,MLX,
257,7056,20,23016270,23065301,221,38,455258,2.3705,0.0088827,THBD,
258,7079,3,12184568,12235851,158,29,455258,2.4812,0.0065462,TIMP4,
259,7109,21,45397206,45536433,559,48,455258,2.5636,0.0051796,TRAPPC10,
260,7205,7,100429950,100481076,163,33,455258,2.673,0.0037589,TRIP6,
261,7252,1,115537445,115586930,194,17,455258,2.0771,0.018897,TSHB,
262,7318,3,49832638,49886391,109,24,455258,2.3261,0.010005,UBA7,
263,7332,22,21868736,21988323,179,13,455258,2.4329,0.0074891,UBE2L3,
264,7391,1,160999041,161050769,171,36,455258,2.9195,0.001753,USF1,
265,7398,1,62866975,62927475,165,28,455258,2.0734,0.019066,USP1,
266,7408,19,45975688,46040247,246,41,455258,3.1605,0.00078741,VASP,
267,7511,10,111614524,111718311,278,29,455258,2.1074,0.017542,XPNPEP1,
268,7551,7,99651470,99715171,185,39,455258,3.7015,0.00010716,ZNF3,
269,7586,7,99578204,99652803,212,33,455258,4.6159,1.9569E-06,ZKSCAN1,
270,7589,7,99612390,99672663,152,30,455258,4.0359,2.7198E-05,ZSCAN21,
271,7596,19,44406776,44474411,344,31,455258,2.3174,0.01024,ZNF45,
272,7638,19,44420375,44481752,327,27,455258,2.1657,0.015165,ZNF221,
273,7711,19,44437014,44512477,419,37,455258,2.1935,0.014134,ZNF155,
274,7733,19,44968645,45039574,430,42,455258,3.6558,0.0001282,ZNF180,
275,7750,13,20496708,20675968,581,33,455258,2.1524,0.015683,ZMYM2,
276,7772,19,44920423,44987766,457,42,455258,2.898,0.0018776,ZNF229,
277,7773,19,44472077,44528072,277,28,455258,2.0641,0.019506,ZNF230,
278,7775,17,4999029,5061411,255,37,455258,5.184,1.0858E-07,ZNF232,
279,7791,7,143043338,143098204,163,50,455258,4.9427,3.8527E-07,ZYX,
280,7805,1,31195315,31265683,229,37,455258,2.037,0.020824,LAPTM5,
281,7871,3,57706948,57925597,460,38,455258,2.2868,0.011104,SLMAP,
282,7975,7,1535368,1592679,270,14,455258,3.5164,0.0002187,MAFK,
283,8030,10,61538505,61701414,814,35,455258,3.5658,0.0001814,CCDC6,
284,8061,11,65649616,65702997,155,30,455258,2.8336,0.0023011,FOSL1,
285,8189,19,46308700,46401548,424,42,455258,2.8823,0.0019738,SYMPK,
286,8204,21,16323556,16473224,482,66,455258,2.8356,0.0022867,NRIP1,
287,8301,11,85658214,85815923,665,38,455258,7.0129,1.1675E-12,PICALM,
288,8302,12,10531529,10597370,199,22,455258,2.4845,0.0064875,KLRC4,
289,8402,17,4830425,4878462,184,45,455258,2.9356,0.0016644,SLC25A11,
290,8404,4,88384483,88485798,457,33,455258,2.443,0.0072836,SPARCL1,
291,8425,19,41064072,41145725,290,33,455258,2.5562,0.0052905,LTBP4,
292,8440,2,106326520,106520730,930,53,455258,2.6836,0.0036416,NCK2,
293,8448,16,30006835,30058424,118,14,455258,4.1156,1.9305E-05,DOC2A,
294,8454,7,148360631,148508202,478,45,455258,2.1017,0.017791,CUL1,
295,8479,16,29993642,30042417,113,15,455258,4.0503,2.5575E-05,HIRIP3,
296,8490,1,163102089,163326581,1026,55,455258,2.1099,0.017435,RGS5,
297,8498,19,5906150,6013320,353,50,455258,2.0787,0.018824,RANBP3,
298,8545,3,88091100,88234016,512,18,455258,2.1056,0.017621,CGGBP1,
299,8618,3,62374021,62896064,2327,134,455258,2.2662,0.011718,CADPS,
300,8637,5,139892251,139939163,91,22,455258,2.5693,0.0050957,EIF4EBP3,
301,8672,1,21122785,21538381,1111,36,455258,3.4334,0.00029808,EIF4G3,
302,8703,1,161131100,161182758,162,45,455258,4.799,7.9735E-07,B4GALT3,
303,8763,6,109677717,109738762,240,26,455258,2.2716,0.011554,CD164,
304,8800,15,90214762,90269015,233,21,455258,2.8296,0.0023304,PEX11A,
305,8820,3,57221866,57296656,175,26,455258,2.5965,0.0047092,HESX1,
306,8858,13,113777968,113836698,202,39,455258,2.008,0.022323,PROZ,
307,8878,5,179198388,179275078,390,56,455258,2.7945,0.0025989,SQSTM1,
308,8883,16,66826781,66899880,215,31,455258,2.5962,0.0047134,NAE1,
309,8912,16,1168241,1281772,634,101,455258,2.1279,0.016674,CACNA1H,
310,9026,12,123284045,123357508,334,22,455258,2.8325,0.0023094,HIP1R,
311,9043,17,49029535,49233226,525,42,455258,2.2111,0.013514,SPAG9,
312,9050,18,43553502,43687250,718,41,455258,2.0323,0.021062,PSTPIP2,
313,9051,15,77252021,77339673,294,37,455258,3.047,0.0011557,PSTPIP1,
314,9098,17,4996687,5088327,347,42,455258,4.8309,6.7959E-07,USP6,
315,9101,15,50681579,50803280,429,37,455258,2.6784,0.0036988,USP8,
316,9113,6,149969289,150074392,246,19,455258,2.4112,0.0079493,LATS1,
317,9123,17,80151282,80207375,230,23,455258,2.3067,0.010536,SLC16A3,
318,9135,17,5150558,5299132,696,43,455258,4.478,3.7665E-06,RABEP1,
319,9144,17,76129632,76179009,289,46,455258,2.2487,0.012264,SYNGR2,
320,9158,11,65641211,65691010,152,29,455258,3.6511,0.00013056,FIBP,
321,9159,11,117065788,117137811,298,45,455258,2.1772,0.014733,PCSK7,
322,9179,7,99664130,99714803,165,36,455258,3.7392,9.2314E-05,AP4M1,
323,9191,1,161080767,161138192,165,37,455258,4.497,3.446E-06,DEDD,
324,9214,1,207066630,207130378,209,35,455258,2.2142,0.013409,FCMR,
325,9220,17,27390539,27437627,130,19,455258,2.4445,0.0072519,TIAF1,
326,9256,17,56368588,56441152,253,37,455258,3.2438,0.00058969,BZRAP1,
327,9260,5,176900395,176959606,112,32,455258,3.0028,0.0013375,PDLIM7,
328,9274,16,30835373,30940852,174,24,455258,4.1081,1.9943E-05,BCL7C,
329,9344,16,29950188,30013583,119,14,455258,3.6295,0.00014196,TAOK2,
330,9377,15,75202616,75265495,191,28,455258,2.452,0.0071025,COX5A,
331,9404,11,58284344,58380688,252,29,455258,2.1746,0.014828,LPXN,
332,9409,11,45921220,45974674,128,30,455258,2.5337,0.0056435,PEX16,
333,9463,22,38418262,38481708,182,37,455258,2.2791,0.011331,PICK1,
334,9479,11,45872047,45938016,191,47,455258,2.7271,0.0031944,MAPK8IP1,
335,9507,1,161149538,161203845,190,49,455258,4.9923,2.984E-07,ADAMTS4,
336,9518,19,18461968,18509986,188,34,455258,2.4152,0.0078637,GDF15,
337,9535,19,39808999,39861726,184,27,455258,2.8384,0.0022673,GMFG,
338,9552,17,4852521,4906132,218,44,455258,3.5963,0.00016138,SPAG7,
339,9559,10,70848908,70942617,444,29,455258,2.0795,0.018787,VPS26A,
340,9665,16,15678226,15772023,338,48,455258,2.2612,0.011874,KIAA0430,
341,9693,4,159990224,160291314,863,60,455258,3.6547,0.00012875,RAPGEF2,
342,9698,1,31394353,31573838,650,34,455258,2.4446,0.0072497,PUM1,
343,9712,10,11492509,11688679,705,47,455258,2.7046,0.0034192,USP6NL,
344,9715,7,143040493,143114397,230,62,455258,6.4461,5.7398E-11,FAM131B,
345,9726,16,31050581,31104833,104,14,455258,4.3337,7.3313E-06,ZNF646,
346,9739,16,30933615,31005985,110,13,455258,3.8294,6.4235E-05,SETD1A,
347,9807,3,49751728,49858973,258,28,455258,2.273,0.011513,IP6K1,
348,9810,16,30737933,30797628,84,27,455258,3.3327,0.00043005,RNF40,
349,9841,6,109773719,109839440,227,35,455258,2.4799,0.0065716,ZBTB24,
350,9865,7,28982974,29033029,207,26,455258,3.0109,0.0013025,TRIL,
351,9892,6,84252604,84454127,529,36,455258,2.6355,0.0042007,SNAP91,
352,9909,1,153891977,153954162,124,20,455258,2.0075,0.022348,DENND4B,
353,9970,1,161189456,161243432,246,43,455258,2.8386,0.0022655,NR1I3,
354,10000,1,243641535,244049381,903,45,455258,2.2551,0.012063,AKT3,
355,10011,5,139919652,139972678,134,28,455258,2.2073,0.013647,SRA1,
356,10020,9,36204438,36312053,446,37,455258,1.9737,0.024206,GNE,
357,10023,10,99044022,99091672,246,24,455258,2.0768,0.018909,FRAT1,
358,10066,15,75127197,75200670,188,35,455258,2.0344,0.020956,SCAMP2,
359,10124,7,12691452,12740559,269,31,455258,2.181,0.014592,ARL4A,
360,10129,13,32570269,32880794,1119,93,455258,2.1748,0.014824,FRY,
361,10153,2,37418772,37493740,330,38,455258,2.2674,0.011684,CEBPZ,
362,10154,12,94507499,94711451,843,98,455258,3.4277,0.00030436,PLXNC1,
363,10184,5,77771038,77979648,581,47,455258,2.1902,0.014255,LHFPL2,
364,10228,1,180932164,181027074,289,36,455258,2.6866,0.0036095,STX6,
365,10288,19,54767675,54820033,342,41,455258,2.5025,0.0061657,LILRB2,
366,10293,3,49856028,49928992,152,28,455258,2.0387,0.020739,TRAIP,
367,10295,16,31084615,31134112,110,17,455258,4.9034,4.7087E-07,BCKDK,
368,10299,5,10318751,10450500,237,26,455258,1.9906,0.023265,MARCH6,
369,10307,5,139927853,139979189,140,27,455258,2.3846,0.0085493,APBB3,
370,10347,19,1005102,1075571,496,67,455258,6.6479,1.4862E-11,ABCA7,
371,10363,15,77678018,77787945,263,28,455258,2.199,0.01394,HMG20A,
372,10413,11,101946151,102114154,608,43,455258,2.1704,0.014989,YAP1,
373,10419,14,23379733,23433789,176,18,455258,3.2391,0.00059945,PRMT5,
374,10437,19,18249590,18298934,146,23,455258,1.9704,0.024397,IFI30,
375,10452,19,45359477,45416946,286,41,455258,8.3265,4.1631E-17,TOMM40,
376,10456,1,154210039,154258351,123,27,455258,2.0119,0.022117,HAX1,
377,10572,14,105184470,105235996,212,30,455258,2.2563,0.012027,SIVA1,
378,10589,11,65651728,65699048,134,25,455258,2.8039,0.0025248,DRAP1,
379,10591,6,43183367,43232211,203,43,455258,2.0337,0.02099,DNPH1,
380,10594,17,1543923,1623176,300,41,455258,1.9981,0.02285,PRPF8,
381,10616,20,353696,421610,390,66,455258,2.4309,0.0075311,RBCK1,
382,10622,5,89734876,89820474,233,42,455258,2.0707,0.019195,POLR3G,
383,10636,5,176749704,176809599,131,19,455258,2.6234,0.0043533,RGS14,
384,10734,7,99740186,99822010,237,28,455258,6.11,4.9815E-10,STAG3,
385,10743,17,17549787,17724767,463,54,455258,2.379,0.0086798,RAI1,
386,10749,17,4866243,4941694,312,36,455258,3.4289,0.00030303,KIF1C,
387,10762,22,45524726,45593892,312,26,455258,2.0965,0.018017,NUP50,
388,10767,6,135271516,135411036,477,26,455258,2.1731,0.014888,HBS1L,
389,10842,7,31691631,31758069,213,37,455258,2.4222,0.0077126,PPP1R17,
390,10847,16,30674571,30761450,121,33,455258,3.8068,7.0394E-05,SRCAP,
391,10848,19,45872892,45944787,260,35,455258,3.9115,4.5869E-05,PPP1R13L,
392,10849,19,45874467,45924024,165,34,455258,4.0673,2.3777E-05,CD3EAP,
393,10892,18,56303618,56427371,410,44,455258,2.4386,0.0073729,MALT1,
394,10930,6,40985940,41042630,218,26,455258,2.6686,0.0038084,APOBEC2,
395,10933,15,79097903,79200081,492,29,455258,1.9965,0.022939,MORF4L1,
396,10953,20,43560771,43624114,190,43,455258,2.2483,0.012278,TOMM34,
397,10960,5,176748563,176813885,150,24,455258,2.7017,0.0034498,LMAN2,
398,10973,6,100946325,101364243,1574,43,455258,2.3861,0.0085133,ASCC3,
399,10979,14,53313989,53452856,489,41,455258,3.7007,0.00010752,FERMT2,
400,10980,7,99651583,99699823,131,31,455258,3.534,0.00020463,COPS6,
401,10988,12,95832822,95919615,458,30,455258,2.7551,0.0029337,METAP2,
402,10989,2,86361055,86458264,412,23,455258,1.965,0.024709,IMMT,
403,10991,3,50207692,50268406,127,24,455258,2.4172,0.0078202,SLC38A3,
404,11006,19,55139271,55191810,337,41,455258,1.9775,0.023994,LILRB4,
405,11007,11,65622875,65669106,160,25,455258,3.5936,0.0001631,CCDC85B,
406,11009,1,207035630,207087484,143,25,455258,2.607,0.0045665,IL24,
407,11026,19,54789854,54839625,289,35,455258,2.4913,0.0063647,LILRA3,
408,11033,7,927537,1030208,751,102,455258,2.304,0.01061,ADAP1,
409,11044,5,6679076,6767161,440,42,455258,2.2777,0.011372,PAPD7,
410,11047,20,60842112,60894206,265,37,455258,2.0057,0.022443,ADRM1,
411,11078,22,38057995,38182563,461,46,455258,1.9783,0.023948,TRIOBP,
412,11085,1,120426156,120474147,109,18,455258,2.1057,0.017613,ADAM30,
413,11100,19,41733391,41823811,218,25,455258,2.2764,0.01141,HNRNPUL1,
414,11104,6,149906009,150005154,252,11,455258,2.2777,0.011372,KATNA1,
415,11124,1,50896935,51460936,1334,54,455258,3.0735,0.0010578,FAF1,
416,11129,19,45507298,45584214,193,38,455258,7.1568,4.1284E-13,CLASRP,
417,11136,19,33311417,33395683,472,35,455258,2.7338,0.0031306,SLC7A9,
418,11155,10,88391542,88505829,596,59,455258,2.1612,0.015339,LDB3,
419,11234,11,18290217,18378751,297,26,455258,2.2078,0.013628,HPS5,
420,11244,8,124250690,124322781,160,24,455258,2.7785,0.0027305,ZHX1,
421,11282,5,179214597,179268952,281,47,455258,2.707,0.0033952,MGAT4B,
422,22809,19,50396959,50447193,230,46,455258,2.4283,0.0075847,ATF5,
423,22834,17,47356568,47474835,421,34,455258,4.7473,1.0306E-06,ZNF652,
424,22895,12,113194343,113346686,398,56,455258,2.3443,0.0095326,RPH3A,
425,22897,11,117149792,117293982,455,47,455258,2.3253,0.010027,CEP164,
426,22903,20,11836377,11917243,325,26,455258,2.1501,0.015774,BTBD3,
427,22914,12,10514952,10577653,179,19,455258,2.0225,0.021564,KLRK1,
428,22918,20,23049993,23101977,255,32,455258,2.4199,0.0077621,CD93,
429,22985,14,23517773,23599823,261,37,455258,2.1934,0.014138,ACIN1,
430,23007,3,155187670,155497878,1475,50,455258,4.1239,1.8625E-05,PLCH1,
431,23011,12,72113658,72191150,312,31,455258,2.2769,0.011397,RAB21,
432,23030,19,4934123,5163609,1013,55,455258,3.2641,0.00054901,KDM4B,
433,23046,1,200928514,201027828,390,35,455258,3.3248,0.00044248,KIF21B,
434,23062,16,23464863,23556815,244,20,455258,2.0058,0.02244,GGA2,
435,23063,10,88185013,88316541,438,38,455258,2.3218,0.010121,WAPAL,
436,23113,6,43114913,43202325,293,33,455258,2.4066,0.0080511,CUL9,
437,23125,17,4861287,4925960,263,34,455258,3.5649,0.000182,CAMTA2,
438,23131,17,42462645,42615957,362,23,455258,2.4328,0.0074918,GPATCH8,
439,23173,4,99881788,99993960,372,23,455258,2.1615,0.01533,METAP1,
440,23221,8,22809930,22887710,290,47,455258,2.2645,0.01177,RHOBTB2,
441,23314,2,200124223,200370989,436,45,455258,2.4339,0.0074692,SATB2,
442,23361,16,30779770,30833564,68,14,455258,3.7321,9.4951E-05,ZNF629,
443,23363,2,220405450,220471357,204,42,455258,2.483,0.0065132,OBSL1,
444,23400,1,17302453,17373467,228,28,455258,2.1565,0.015521,ATP13A2,
445,23401,10,99082254,99129458,187,26,455258,2.3255,0.010023,FRAT2,
446,23403,19,46203887,46269151,164,34,455258,3.607,0.00015485,FBXO46,
447,23431,15,51165780,51308097,429,23,455258,2.3747,0.0087816,AP4E1,
448,23438,5,140036011,140088903,173,24,455258,2.7309,0.003158,HARS2,
449,23520,4,165108159,165153863,172,32,455258,2.0837,0.018592,ANP32C,
450,23526,19,1030922,1096627,401,54,455258,6.6425,1.5424E-11,HMHA1,
451,23558,17,73831780,73886501,276,26,455258,2.1441,0.016013,WBP2,
452,23589,16,8936799,8997869,341,54,455258,2.2092,0.013582,CARHSP1,
453,23607,6,47410482,47604999,666,33,455258,5.1456,1.3331E-07,CD2AP,
454,23621,11,117146402,117221972,221,44,455258,2.4783,0.0065996,BACE1,
455,23624,19,45246126,45313903,202,23,455258,6.1094,5E-10,CBLC,
456,23636,19,50400082,50467988,303,50,455258,2.8617,0.002107,NUP62,
457,23639,8,133574201,133722863,432,40,455258,2.2936,0.010906,LRRC6,
458,23683,2,37467645,37586915,626,40,455258,2.8949,0.0018964,PRKD3,
459,23753,22,21961542,22008588,141,27,455258,1.9934,0.023107,SDF2L1,
460,24139,19,46102658,46183775,365,41,455258,2.9995,0.0013522,EML2,
461,25797,2,37536742,37610465,428,57,455258,2.5153,0.0059466,QPCT,
462,25814,22,46032678,46251187,737,39,455258,1.9671,0.024587,ATXN10,
463,25833,11,120072349,120200653,506,59,455258,2.5144,0.0059624,POU2F3,
464,25880,16,8879037,8926505,265,24,455258,3.1047,0.00095225,TMEM186,
465,25928,7,16491106,16540562,258,25,455258,2.3447,0.0095212,SOSTDC1,
466,25989,15,75118459,75170552,124,28,455258,2.0847,0.018546,ULK3,
467,26001,17,4808328,4858517,222,39,455258,3.4632,0.0002669,RNF167,
468,26005,11,73713759,73917064,800,39,455258,2.6442,0.0040944,C2CD3,
469,26047,7,145778453,148128090,11341,368,455258,2.3874,0.0084842,CNTNAP2,
470,26060,3,57226765,57317499,210,32,455258,2.7546,0.0029385,APPL1,
471,26093,19,47724731,47787329,189,26,455258,2.1175,0.017107,CCDC9,
472,26100,7,5194835,5283486,548,45,455258,3.7145,0.00010181,WIPI2,
473,26115,17,61008913,61515067,1051,34,455258,2.4691,0.0067724,TANC2,
474,26173,7,1499913,1579018,337,17,455258,2.6205,0.0043898,INTS1,
475,26261,7,100148840,100208740,125,31,455258,2.3765,0.0087388,FBXO24,
476,26291,19,49223816,49271587,191,26,455258,2.7343,0.0031259,FGF21,
477,26470,16,29872480,29945585,146,29,455258,2.9014,0.0018576,SEZ6L2,
478,26580,11,62447734,62512091,180,25,455258,1.9803,0.023837,BSCL2,
479,26762,5,156445989,156521130,379,37,455258,2.283,0.011214,HAVCR1,
480,26974,19,44879808,44940777,432,40,455258,2.1969,0.014014,ZNF285,
481,27005,1,161094248,161145516,148,33,455258,4.7324,1.1095E-06,USP21,
482,27113,19,47714079,47771023,146,32,455258,2.1296,0.016602,BBC3,
483,27178,2,113635548,113686459,199,16,455258,2.56,0.0052335,IL37,
484,27254,22,41922014,41982670,211,27,455258,1.9839,0.023631,CSDC2,
485,27329,1,63028158,63081976,92,12,455258,2.0466,0.02035,ANGPTL3,
486,27332,2,71468729,71672191,830,37,455258,3.1444,0.00083211,ZNF638,
487,27351,22,41984032,42052079,232,28,455258,2.7023,0.0034428,DESI1,
488,28956,1,155989517,156038301,110,35,455258,2.4787,0.0065935,LAMTOR2,
489,29058,20,5039129,5128736,272,19,455258,2.4769,0.0066271,TMEM230,
490,29114,3,111682586,111742735,362,38,455258,2.373,0.008821,TAGLN3,
491,29760,10,97941455,98066333,603,86,455258,2.5613,0.0052135,BLNK,
492,29855,16,4861666,4942363,429,44,455258,2.0226,0.021559,UBN1,
493,29888,19,47212768,47285251,247,35,455258,2.2256,0.013019,STRN4,
494,29893,17,40714328,40764849,123,17,455258,2.0687,0.019285,PSMC3IP,
495,29922,1,169091258,169372186,1386,32,455258,2.1411,0.016133,NME7,
496,29925,3,49748909,49796407,105,19,455258,2.2185,0.01326,GMPPB,
497,29990,7,99920626,99975454,146,17,455258,2.4805,0.0065591,PILRB,
498,29991,9,138402885,138451815,285,40,455258,2.0722,0.019125,OBP2A,
499,29992,7,99936068,100007722,182,21,455258,2.5889,0.0048148,PILRA,
500,30001,14,53098605,53197419,261,41,455258,2.6452,0.0040821,ERO1L,
501,30008,11,65623912,65675405,174,29,455258,3.5442,0.00019692,EFEMP2,
502,30009,17,45775610,45833485,179,35,455258,2.2008,0.013876,TBX21,
503,30817,19,14833509,14924353,586,50,455258,2.0936,0.018149,ADGRE2,
504,49855,15,76630526,77232796,1500,36,455258,2.0835,0.018603,SCAPER,
505,49861,6,155550147,155607682,321,21,455258,2.0136,0.022025,CLDN20,
506,50488,17,4701635,4811356,502,47,455258,3.5846,0.00016881,MINK1,
507,50809,1,21059170,21148808,234,28,455258,3.2467,0.0005838,HP1BP3,
508,50848,1,160955001,161026133,283,30,455258,2.2833,0.011207,F11R,
509,51053,6,24740159,24796327,314,35,455258,1.9812,0.023784,GMNN,
510,51059,8,139132266,139544065,1779,146,455258,2.7603,0.0028872,FAM135B,
511,51063,10,105196543,105247162,187,36,455258,2.1049,0.017652,CALHM2,
512,51065,15,63435539,63484741,198,34,455258,2.6014,0.0046419,RPS27L,
513,51149,5,179253927,179320867,309,42,455258,2.8929,0.0019086,C5orf45,
514,51168,17,17977020,18093116,357,42,455258,2.9818,0.0014329,MYO15A,
515,51224,18,44548943,44596988,201,30,455258,2.4059,0.0080668,TCEB3B,
516,51225,17,47252589,47310587,205,30,455258,3.4918,0.00023993,ABI3,
517,51251,7,33043725,33137409,437,27,455258,2.095,0.018084,NT5C3A,
518,51298,19,351750,411688,471,85,455258,2.381,0.0086338,THEG,
519,51300,3,119182324,119253128,279,26,455258,2.0098,0.022227,TIMMDC1,
520,51314,7,37852930,37950003,641,46,455258,2.882,0.0019761,NME8,
521,51318,2,86391478,86450913,266,17,455258,2.1313,0.016534,MRPL35,
522,51322,10,28786355,28922041,334,21,455258,2.9642,0.0015176,WAC,
523,51324,15,65245363,65317251,337,26,455258,2.1467,0.015909,SPG21,
524,51338,11,60013014,60086445,264,29,455258,7.1735,3.655E-13,MS4A4A,
525,51400,11,73846936,73975748,470,35,455258,2.8301,0.0023265,PPME1,
526,51428,5,176928578,176978967,102,18,455258,3.7171,0.00010074,DDX41,
527,51435,8,27456100,27544286,326,27,455258,5.0744,1.9432E-07,SCARA3,
528,51506,1,161088534,161138646,136,32,455258,4.6095,2.0178E-06,UFC1,
529,51507,20,55008641,55103942,350,25,455258,3.4995,0.00023306,RTFDC1,
530,51562,14,36757764,36824882,193,22,455258,2.5277,0.0057409,MBIP,
531,51593,7,100437701,100496285,191,31,455258,2.1875,0.014352,SRRT,
532,51762,15,63446728,63569975,381,35,455258,3.985,3.3739E-05,RAB8B,
533,51763,17,1387869,1455182,279,24,455258,3.2416,0.00059421,INPP5K,
534,53358,9,91610686,91828682,797,57,455258,2.169,0.01504,SHC3,
535,53373,12,113624260,113746390,457,28,455258,2.7561,0.0029251,TPCN1,
536,54209,6,41116244,41165924,150,39,455258,4.4435,4.4252E-06,TREM2,
537,54467,7,91840530,92040698,343,36,455258,2.5893,0.0048089,ANKIB1,
538,54540,5,176936790,177016548,198,27,455258,3.0243,0.0012462,FAM193B,
539,54619,10,97768159,97830627,227,41,455258,2.2565,0.012021,CCNJ,
540,54620,16,30899392,30970104,112,17,455258,3.9464,3.9672E-05,FBXL19,
541,54629,15,59028393,59159754,481,47,455258,5.5194,1.701E-08,FAM63B,
542,54664,7,12215848,12286890,604,32,455258,3.8511,5.879E-05,TMEM106B,
543,54708,10,94015920,94123721,277,28,455258,1.9792,0.023898,MARCH5,
544,54756,3,57114010,57239345,407,40,455258,2.1517,0.01571,IL17RD,
545,54768,16,70831287,71299625,839,62,455258,2.0701,0.01922,HYDIN,
546,54778,15,59244865,59399618,609,46,455258,3.5768,0.00017389,RNF111,
547,54814,19,46160741,46217248,229,36,455258,2.6093,0.0045368,QPCTL,
548,54819,5,132322677,132397275,274,24,455258,2.8023,0.0025371,ZCCHC10,
549,54822,15,50839351,51014012,640,26,455258,3.4408,0.00029005,TRPM7,
550,54829,9,95208487,95279844,222,28,455258,1.9864,0.023492,ASPN,
551,54853,5,140009384,140061930,185,30,455258,2.8781,0.0020003,WDR55,
552,54868,17,72737622,72845922,312,33,455258,2.7387,0.0030844,TMEM104,
553,54872,4,457989,543320,381,25,455258,2.1459,0.015939,PIGG,
554,54882,5,139746399,139929441,365,33,455258,1.9863,0.023499,ANKHD1,
555,54894,17,56421037,56529931,281,35,455258,2.0714,0.019163,RNF43,
556,54905,7,985100,1039276,367,48,455258,2.0535,0.02001,CYP2W1,
557,54913,15,75237443,75284775,155,30,455258,2.1142,0.017249,RPP25,
558,54922,19,49213842,49279136,257,29,455258,3.0029,0.0013373,RASIP1,
559,54929,19,19220425,19284310,270,35,455258,1.9918,0.023194,TMEM161A,
560,54930,14,23405437,23461352,142,20,455258,3.2866,0.00050703,HAUS4,
561,54952,1,28844529,28915057,207,32,455258,2.4446,0.0072503,TRNAU1AP,
562,54984,8,10612473,10732394,709,31,455258,2.5433,0.0054898,PINX1,
563,55012,14,35544678,35626868,332,30,455258,2.155,0.01558,PPP2R3C,
564,55013,4,110446355,110618872,589,41,455258,2.0223,0.021571,CCDC109B,
565,55017,14,23529683,23579665,157,25,455258,2.0676,0.019341,C14orf119,
566,55063,7,99988449,100062037,157,23,455258,2.509,0.0060544,ZCWPW1,
567,55065,17,4925711,4990304,340,36,455258,4.106,2.0125E-05,SLC52A1,
568,55095,19,39798108,39886340,306,30,455258,2.7817,0.0027034,SAMD4B,
569,55147,14,23359854,23423396,224,24,455258,3.221,0.00063871,RBM23,
570,55181,17,57252371,57302611,130,19,455258,2.4933,0.0063273,SMG8,
571,55238,16,58690298,58753674,342,38,455258,2.0567,0.019858,SLC38A7,
572,55248,1,212527816,212623267,314,38,455258,2.1032,0.017726,TMEM206,
573,55262,7,99742043,99791338,117,24,455258,5.9582,1.2749E-09,C7orf43,
574,55279,3,88073394,88203814,491,29,455258,2.2629,0.01182,ZNF654,
575,55312,9,78990433,79044444,278,28,455258,2.4287,0.0075774,RFK,
576,55347,3,111662723,111722215,310,28,455258,2.2947,0.010876,ABHD10,
577,55374,5,139984012,140034989,186,27,455258,2.895,0.0018961,TMCO6,
578,55432,1,207207194,207261325,213,34,455258,3.96,3.7472E-05,YOD1,
579,55435,4,113117893,113201211,232,29,455258,2.5364,0.0056,AP1AR,
580,55437,2,202281392,202369501,211,35,455258,2.5831,0.0048953,STRADB,
581,55454,10,43598893,43690756,348,32,455258,2.442,0.0073022,CSGALNACT2,
582,55471,2,37423774,37486303,269,38,455258,2.6131,0.004486,NDUFAF7,
583,55515,2,220343892,220413494,224,37,455258,2.0895,0.01833,ASIC4,
584,55568,5,153535295,153810544,1237,83,455258,3.9352,4.156E-05,GALNT10,
585,55588,19,39846893,39901203,182,37,455258,2.2593,0.011933,MED29,
586,55697,16,70711342,70870074,580,49,455258,3.0084,0.0013132,VAC14,
587,55740,1,225664534,225875845,652,45,455258,3.9441,4.0049E-05,ENAH,
588,55759,2,203735323,203811949,235,25,455258,3.5898,0.00016547,WDR12,
589,55765,1,200825627,200894864,306,47,455258,2.0675,0.019344,C1orf106,
590,55769,19,53105617,53228834,846,56,455258,1.965,0.024708,ZNF83,
591,55771,17,57197860,57294070,213,31,455258,2.4506,0.0071305,PRR11,
592,55773,3,99944661,100054096,398,28,455258,2.1178,0.017095,TBC1D23,
593,55778,14,102748714,102819511,211,39,455258,2.1799,0.014634,ZNF839,
594,55788,6,70375641,70542049,760,31,455258,2.5008,0.006196,LMBRD1,
595,55832,12,67628061,67718388,363,27,455258,2.3628,0.0090688,CAND1,
596,55862,6,127599857,127700214,244,24,455258,1.9975,0.022883,ECHDC1,
597,55897,15,90283098,90329540,255,17,455258,2.3705,0.0088824,MESP1,
598,56006,19,44222851,44294142,232,35,455258,2.3785,0.0086917,SMG9,
599,56140,5,140185907,140401929,782,35,455258,1.9934,0.02311,PCDHA8,
600,56141,5,140178969,140401929,822,37,455258,2.0847,0.01855,PCDHA7,
601,56142,5,140172650,140401929,845,37,455258,2.0859,0.018496,PCDHA6,
602,56143,5,140166361,140401929,874,45,455258,2.2753,0.011443,PCDHA5,
603,56144,5,140151672,140401929,926,40,455258,2.2365,0.012658,PCDHA4,
604,56145,5,140145783,140401929,946,42,455258,2.3186,0.010208,PCDHA3,
605,56146,5,140139444,140401929,973,42,455258,2.3244,0.010052,PCDHA2,
606,56147,5,140130876,140401929,1029,36,455258,2.3336,0.0098085,PCDHA1,
607,56257,7,99991321,100041749,117,19,455258,2.3789,0.0086824,MEPCE,
608,56829,7,138718266,138829466,391,45,455258,2.1325,0.016483,ZC3HAV1,
609,56893,1,155992945,156058613,146,44,455258,2.2781,0.01136,UBQLN4,
610,56922,3,182723006,182852373,416,33,455258,2.522,0.0058347,MCCC1,
611,56952,10,25127536,25277680,660,80,455258,2.1422,0.016087,PRTFDC1,
612,56954,3,100018483,100085844,248,41,455258,2.4782,0.0066031,NIT2,
613,56964,15,90199028,90296869,376,32,455258,3.1103,0.00093439,WDR93,
614,56971,19,45139724,45197631,190,38,455258,7.1378,4.7418E-13,CEACAM19,
615,56996,7,100415337,100474634,197,38,455258,2.9907,0.0013915,SLC12A9,
616,57091,20,54952168,55044396,332,53,455258,5.3782,3.7613E-08,CASS4,
617,57111,1,155995966,156050295,124,40,455258,2.384,0.0085622,RAB25,
618,57165,1,228302415,228357527,124,29,455258,2.0128,0.022068,GJC2,
619,57184,15,75182328,75234462,146,24,455258,2.4911,0.0063671,FAM219B,
620,57418,19,949328,1004569,369,39,455258,2.1811,0.014589,WDR18,
621,57455,19,1805245,1883520,231,26,455258,2.6368,0.0041845,REXO1,
622,57459,1,153767201,153930451,374,27,455258,2.0032,0.022576,GATAD2B,
623,57476,11,123290191,123508478,893,134,455258,2.4524,0.0070951,GRAMD1B,
624,57491,5,269291,448406,922,54,455258,2.0224,0.021567,AHRR,
625,57519,15,42832857,43023196,587,48,455258,2.0323,0.02106,STARD9,
626,57622,19,39787457,39841740,177,33,455258,3.0994,0.00096955,LRFN1,
627,57665,2,18725989,18776959,155,36,455258,2.4241,0.007673,RDH14,
628,57787,19,45719516,45818541,385,36,455258,7.1369,4.7737E-13,MARK4,
629,58506,19,50110382,50171906,195,29,455258,2.2349,0.012713,SCAF1,
630,58511,1,84829215,84890691,271,31,455258,2.4047,0.0080926,DNASE2B,
631,58517,14,73490221,73598749,413,41,455258,2.0256,0.021402,RBM25,
632,59338,10,124099094,124201871,410,37,455258,3.3112,0.00046451,PLEKHA1,
633,60686,14,23446110,23514375,174,42,455258,3.7763,7.9597E-05,C14orf93,
634,63950,1,50873223,50924119,124,28,455258,2.7488,0.0029904,DMRTA2,
635,64083,5,32114817,32209425,320,38,455258,2.0023,0.022626,GOLPH3,
636,64092,21,15847549,15990723,636,74,455258,2.2759,0.011427,SAMSN1,
637,64106,10,72004713,72078450,358,49,455258,2.3236,0.010074,NPFFR1,
638,64231,11,59929080,59987139,206,26,455258,7.2747,1.7364E-13,MS4A6A,
639,64319,16,30640778,30692131,81,19,455258,3.623,0.00014559,FBRS,
640,64403,14,23506270,23561747,175,39,455258,2.3447,0.0095209,CDH24,
641,64420,9,114793061,114972577,608,56,455258,2.0167,0.021864,SUSD1,
642,64423,14,105112902,105195947,391,55,455258,2.0339,0.020982,INF2,
643,64577,6,135228528,135306260,227,29,455258,2.6982,0.0034857,ALDH8A1,
644,64598,7,100174725,100223003,111,29,455258,2.2336,0.012754,MOSPD3,
645,64651,3,39173342,39231093,243,49,455258,2.0567,0.019855,CSRNP1,
646,64745,14,21422432,21475194,258,35,455258,2.1159,0.017175,METTL17,
647,64759,7,47304752,47656742,1208,129,455258,2.5863,0.0048503,TNS3,
648,64780,6,109755265,109822171,225,36,455258,2.3238,0.010069,MICAL1,
649,64781,22,47070307,47169152,512,54,455258,2.1533,0.015646,CERK,
650,64786,12,72198487,72330629,454,36,455258,2.0913,0.018251,TBC1D15,
651,64841,14,53231911,53293386,137,21,455258,3.8284,6.4496E-05,GNPNAT1,
652,65065,2,203844597,204101101,601,42,455258,3.2282,0.0006229,NBEAL1,
653,65979,1,28661093,28836881,720,20,455258,2.1128,0.01731,PHACTR4,
654,66005,11,857859,950058,353,33,455258,2.7843,0.0026823,CHID1,
655,66008,2,202231930,202351319,315,29,455258,2.4783,0.0066008,TRAK2,
656,78994,16,30627038,30677734,87,16,455258,3.7674,8.2472E-05,PRR14,
657,79001,16,31092175,31141699,105,16,455258,4.8027,7.828E-07,VKORC1,
658,79007,16,90061279,90120937,351,37,455258,2.0166,0.021868,DBNDD1,
659,79018,17,17907611,17981719,174,20,455258,3.2446,0.00058798,GID4,
660,79037,7,99781147,99829113,156,16,455258,6.0686,6.4504E-10,PVRIG,
661,79039,12,113584978,113658284,247,25,455258,2.5983,0.0046837,DDX54,
662,79042,19,54659112,54708394,224,48,455258,2.8312,0.0023187,TSEN34,
663,79068,16,53702875,54158379,1759,160,455258,2.1329,0.016465,FTO,
664,79090,19,45656186,45716501,299,47,455258,9.5376,7.3104E-22,TRAPPC6A,
665,79098,1,207181866,207243555,287,30,455258,4.6953,1.3308E-06,C1orf116,
666,79143,19,54667106,54728733,372,45,455258,2.2251,0.013038,MBOAT7,
667,79147,19,47214303,47271832,173,31,455258,2.2537,0.012108,FKRP,
668,79165,19,54649377,54698446,195,47,455258,2.8345,0.0022949,LENG1,
669,79169,1,228278428,228328112,114,26,455258,2.4545,0.0070536,C1orf35,
670,79544,14,20368767,20414842,181,27,455258,2.3552,0.0092556,OR4K1,
671,79570,1,31642592,31747734,467,31,455258,2.2602,0.011905,NKAIN1,
672,79586,2,220393669,220443487,191,32,455258,2.6805,0.0036751,CHPF,
673,79640,22,42051547,42104140,211,26,455258,2.4535,0.0070744,C22orf46,
674,79690,7,99746865,99801373,129,24,455258,6.1221,4.6163E-10,GAL3ST4,
675,79697,14,73922644,73970105,165,37,455258,2.0834,0.018608,C14orf169,
676,79720,12,123339875,123415712,189,32,455258,2.3413,0.0096085,VPS37B,
677,79724,16,30525322,30573821,89,30,455258,2.0511,0.020129,ZNF768,
678,79759,16,31062164,31120641,118,16,455258,4.4295,4.7223E-06,ZNF668,
679,79760,19,45544024,45604782,207,25,455258,6.3372,1.1696E-10,GEMIN7,
680,79800,2,203741978,203861060,342,22,455258,3.5783,0.00017291,CARF,
681,79811,15,59161244,59261323,244,38,455258,5.5852,1.1668E-08,SLTM,
682,79856,15,64408899,64459680,168,28,455258,2.1791,0.014663,SNX22,
683,79864,11,122718236,122840430,483,61,455258,2.0646,0.01948,C11orf63,
684,79865,6,41147552,41203925,391,42,455258,3.137,0.0008533,TREML2,
685,79870,8,104117921,104252533,659,62,455258,2.0432,0.020515,BAALC,
686,79890,14,92945125,93165339,948,123,455258,3.9963,3.2164E-05,RIN3,
687,79930,5,176918905,176972490,103,21,455258,3.6308,0.00014125,DOK3,
688,79973,19,12450185,12511475,227,16,455258,1.9661,0.024644,ZNF442,
689,80000,18,18787203,19115384,433,30,455258,2.1388,0.016226,GREB1L,
690,80122,2,135712076,135817301,321,27,455258,1.9689,0.024484,MAP3K19,
691,80183,13,46906136,46999177,457,24,455258,2.0468,0.020338,KIAA0226L,
692,80198,11,65592872,65643914,142,26,455258,2.537,0.0055896,MUS81,
693,80201,10,70945059,71037315,472,60,455258,1.9916,0.023209,HKDC1,
694,80207,19,46021025,46123122,371,56,455258,3.3015,0.00048084,OPA3,
695,80212,12,124410955,124492373,259,20,455258,2.7692,0.0028095,CCDC92,
696,80270,16,30960949,31010473,78,12,455258,3.5817,0.00017068,HSD3B7,
697,80314,10,32546644,32702726,731,52,455258,3.0631,0.0010952,EPC1,
698,80347,17,40678485,40728299,182,33,455258,2.0322,0.021069,COASY,
699,80757,14,105957953,106006554,148,16,455258,2.2473,0.012311,TMEM121,
700,80829,11,58311587,58399023,233,37,455258,2.1856,0.014424,ZFP91,
701,81033,17,61565695,61636338,215,36,455258,3.9315,4.2214E-05,KCNH6,
702,81392,7,99463685,99509656,174,23,455258,2.928,0.001706,OR2AE1,
703,81492,19,46288968,46353605,266,24,455258,3.314,0.00045983,RSPH6A,
704,81607,1,161030781,161094385,201,54,455258,3.5728,0.00017658,PVRL4,
705,81619,10,82179038,82292394,465,42,455258,2.6012,0.0046443,TSPAN14,
706,81628,7,100054142,100111902,128,22,455258,2.4596,0.0069552,TSC22D4,
707,81890,19,10777112,10834043,163,30,455258,2.199,0.013939,QTRT1,
708,83450,17,17841127,17930203,253,23,455258,3.4166,0.00031702,LRRC48,
709,83464,15,63534749,63611325,223,40,455258,4.3928,5.5946E-06,APH1B,
710,83473,18,44462565,44638614,643,34,455258,2.1397,0.016189,KATNAL2,
711,83540,1,163256723,163335553,414,35,455258,1.9686,0.024501,NUF2,
712,83642,22,50604408,50666045,338,46,455258,2.0759,0.018949,SELO,
713,83657,16,80539854,80594713,313,45,455258,2.506,0.0061052,DYNLRB2,
714,83697,5,139704787,139764722,132,35,455258,3.7038,0.00010622,SLC4A9,
715,83719,16,30093635,30143248,102,29,455258,2.4965,0.0062709,YPEL3,
716,83723,16,30025748,30099338,136,20,455258,4.0221,2.8844E-05,FAM57B,
717,83855,19,1842398,1898564,169,20,455258,2.1266,0.016726,KLF16,
718,83953,1,207121312,207178970,241,40,455258,1.9944,0.023056,FCAMR,
719,84056,13,30766767,30916624,586,58,455258,1.98,0.023852,KATNAL1,
720,84134,1,161160729,161210536,194,50,455258,4.2848,9.147E-06,TOMM40L,
721,84148,16,31093985,31152714,127,19,455258,4.7059,1.2639E-06,KAT8,
722,84166,16,56988469,57127438,705,115,455258,2.0875,0.018422,NLRC5,
723,84191,15,64354761,64421207,220,31,455258,2.3283,0.0099471,FAM96A,
724,84246,5,6362039,6413639,204,26,455258,2.4961,0.0062792,MED10,
725,84268,17,5287961,5346340,332,16,455258,2.5606,0.0052239,RPAIN,
726,84270,9,95823450,95885565,297,42,455258,3.3228,0.00044566,C9orf89,
727,84332,10,82069501,82137829,280,22,455258,2.6343,0.0042161,DYDC2,
728,84336,17,42078556,42135519,176,29,455258,2.5473,0.0054279,TMEM101,
729,84622,17,5072830,5130178,205,32,455258,3.5593,0.00018592,ZNF594,
730,84630,6,43176222,43265997,354,54,455258,2.0171,0.021841,TTBK1,
731,84654,5,79580790,79627661,306,32,455258,2.1541,0.015615,SPZ1,
732,84660,12,123224056,123321927,403,32,455258,2.7931,0.0026105,CCDC62,
733,84792,7,6359040,6423590,362,37,455258,2.0668,0.019377,FAM220A,
734,84842,1,45757545,45804347,137,42,455258,2.2725,0.011529,HPDL,
735,84868,5,156502843,156571248,348,28,455258,2.5718,0.0050584,HAVCR2,
736,84888,15,50989730,51092910,408,33,455258,4.2756,9.5305E-06,SPPL2A,
737,84902,19,33359904,33497930,737,43,455258,2.4797,0.0065747,CEP89,
738,84918,6,150129894,150221398,302,16,455258,2.2621,0.011846,LRP11,
739,84920,12,34140216,34191237,203,26,455258,2.0802,0.018752,ALG10,
740,84933,8,124222196,124288656,131,19,455258,3.1818,0.00073181,C8orf76,
741,84934,12,113588342,113640169,178,20,455258,2.5695,0.0050926,RITA1,
742,84962,14,23430386,23486851,137,30,455258,3.5835,0.00016951,AJUBA,
743,84985,8,124159752,124232318,257,20,455258,2.2104,0.01354,FAM83A,
744,85016,11,101883147,101965291,293,33,455258,2.6588,0.0039209,C11orf70,
745,85378,22,50646118,50718453,391,49,455258,2.0375,0.020801,TUBGCP6,
746,85440,1,62910397,63189039,566,24,455258,2.2288,0.012913,DOCK7,
747,89122,7,99478030,99552223,254,21,455258,3.6545,0.00012882,TRIM4,
748,89927,16,15493325,15692116,618,72,455258,1.9639,0.02477,C16orf45,
749,89932,14,73669205,73751348,323,49,455258,2.1467,0.015908,PAPLN,
750,90268,5,14629783,14709842,208,28,455258,1.9926,0.023155,OTULIN,
751,90324,19,41781094,41840788,139,15,455258,2.0604,0.019679,CCDC97,
752,90332,19,45705879,45772469,306,32,455258,7.5217,2.7027E-14,EXOC3L2,
753,90362,8,58872068,59072277,582,53,455258,2.4045,0.0080982,FAM110B,
754,90441,5,16441628,16500894,166,28,455258,2.1492,0.01581,ZNF622,
755,90488,12,107312298,107377813,237,32,455258,2.1983,0.013965,TMEM263,
756,90639,7,994486,1050235,386,44,455258,2.0646,0.019481,COX19,
757,90835,16,30758733,30808598,67,21,455258,3.083,0.0010248,C16orf93,
758,91056,11,65531369,65583062,181,33,455258,2.2503,0.012215,AP5B1,
759,91107,17,73860242,73909683,227,35,455258,2.2193,0.013234,TRIM47,
760,91252,11,47393683,47448051,193,25,455258,3.5723,0.00017691,SLC39A13,
761,91304,19,999650,1056173,457,57,455258,6.2956,1.5309E-10,TMEM259,
762,91612,14,65346079,65420635,382,21,455258,2.0686,0.019292,CHURC1,
763,91647,17,17911334,17977483,152,17,455258,3.2427,0.00059208,ATPAF2,
764,91949,16,23389814,23499583,211,22,455258,2.436,0.0074247,COG7,
765,92154,16,70685107,70754954,355,48,455258,3.9916,3.2815E-05,MTSS1L,
766,92579,17,42113098,42163712,124,26,455258,2.583,0.0048971,G6PC3,
767,92595,16,30555085,30604642,83,29,455258,2.1624,0.015293,ZNF764,
768,92610,4,113186782,113242059,157,24,455258,2.4134,0.0079022,TIFA,
769,92799,19,41047757,41107305,171,30,455258,2.0845,0.018556,SHKBP1,
770,92806,16,90026183,90074240,299,33,455258,2.0537,0.02,CENPBD1,
771,93034,2,18734137,18806359,219,40,455258,2.3084,0.010488,NT5C1B,
772,93129,16,30925405,30976259,77,11,455258,3.9099,4.6176E-05,ORAI3,
773,93517,16,82021251,82080093,309,25,455258,2.2487,0.012265,SDR42E1,
774,93594,8,124049920,124174393,390,45,455258,2.1741,0.014848,TBC1D31,
775,93664,7,121948478,122561813,2111,92,455258,2.3146,0.010317,CADPS2,
776,94233,10,88379314,88436217,303,24,455258,2.7317,0.0031506,OPN4,
777,94241,8,95928200,95996615,324,22,455258,3.2418,0.00059389,TP53INP1,
778,112755,16,30990577,31056829,126,17,455258,4.0305,2.7825E-05,STX1B,
779,113251,12,50759592,50883788,291,19,455258,2.2436,0.01243,LARP4,
780,113263,7,7973374,8138710,748,51,455258,2.6434,0.0041037,GLCCI1,
781,113829,5,139909420,139958683,117,25,455258,2.4753,0.0066556,SLC35A4,
782,114034,1,45770342,45819650,133,34,455258,2.2277,0.012949,TOE1,
783,114294,15,63378999,63444260,351,24,455258,2.8192,0.002407,LACTB,
784,114905,4,15306560,15457791,632,46,455258,2.7285,0.0031815,C1QTNF7,
785,115273,1,28883712,28931098,125,32,455258,2.0532,0.020025,RAB42,
786,115509,16,30603879,30657096,105,18,455258,3.5889,0.00016605,ZNF689,
787,115811,12,113623246,113694086,255,20,455258,2.7283,0.0031833,IQCD,
788,116254,6,149852528,149922067,148,27,455258,2.1597,0.015398,GINM1,
789,116444,19,965437,1019723,433,46,455258,3.3855,0.00035524,GRIN3B,
790,116969,11,3649733,3698546,310,45,455258,2.3843,0.0085555,ART5,
791,118430,12,55213299,55262177,281,18,455258,2.6944,0.0035254,MUCL1,
792,119395,10,105222561,105273997,227,39,455258,2.0571,0.01984,CALHM3,
793,119694,11,4807616,4853644,351,24,455258,1.9806,0.023819,OR51F2,
794,120071,11,45908172,45960647,145,37,455258,2.9274,0.0017088,GYLTL1B,
795,122622,14,105155534,105223662,328,36,455258,2.4703,0.0067504,ADSSL1,
796,122706,14,23476376,23523269,130,37,455258,3.1407,0.00084276,PSMB11,
797,123041,14,92753925,92977825,1127,77,455258,6.4497,5.6045E-11,SLC24A4,
798,124446,16,29938351,29994373,98,12,455258,3.5627,0.00018353,TMEM219,
799,124801,17,42102003,42179987,206,32,455258,2.4387,0.0073704,LSM12.00,
800,124857,17,48877011,48929709,236,32,455258,2.2315,0.012826,WFIKKN2,
801,124872,17,47174822,47257351,331,38,455258,2.4231,0.0076952,B4GALNT2,
802,124961,17,4946754,5009669,341,38,455258,4.7098,1.2398E-06,ZFP3,
803,124997,17,1584817,1651893,301,47,455258,2.8911,0.0019197,WDR81,
804,125875,19,51860352,51907498,258,38,455258,2.1319,0.016507,CLDND2,
805,125931,19,45000211,45068548,362,63,455258,6.0956,5.4511E-10,CEACAM20,
806,126364,19,18491947,18543428,179,34,455258,2.5221,0.0058326,LRRC25,
807,126823,1,161033151,161080138,146,43,455258,3.7398,9.2065E-05,KLHDC9,
808,128308,1,228284380,228332037,109,26,455258,2.6381,0.0041687,MRPL55,
809,130013,2,135560994,135669604,299,23,455258,3.8657,5.5376E-05,ACMSD,
810,130026,2,203627873,203771708,441,32,455258,3.5501,0.00019254,ICA1L,
811,130106,2,26794073,26899211,405,52,455258,2.3818,0.008615,CIB4,
812,130612,2,220373385,220425317,197,33,455258,2.8307,0.0023222,TMEM198,
813,131540,3,195914323,195973308,316,38,455258,2.1176,0.017106,ZDHHC19,
814,132720,4,113031553,113120237,288,21,455258,3.5536,0.00018997,C4orf32,
815,135458,6,645939,691964,201,24,455258,2.0341,0.020968,HUS1B,
816,140687,20,55056548,55135981,309,37,455258,2.5607,0.0052235,GCNT7,
817,142685,7,123206882,123287951,284,30,455258,2.1021,0.017774,ASB15,
818,142686,3,57292379,57361753,216,28,455258,2.7454,0.0030218,ASB14,
819,143241,10,82085858,82151523,319,21,455258,2.4013,0.0081684,DYDC1,
820,143678,11,45918085,45963833,111,28,455258,2.6562,0.0039519,C11orf94,
821,144348,12,124422699,124509986,266,24,455258,2.7484,0.002994,ZNF664,
822,145173,13,31739112,31916413,610,41,455258,2.2131,0.013446,B3GALTL,
823,145873,15,90284589,90331985,263,18,455258,2.3788,0.0086853,MESP2,
824,146223,16,66638653,66765610,375,27,455258,2.0013,0.022679,CMTM4,
825,146378,16,29999655,30046023,105,14,455258,4.0743,2.3072E-05,C16orf92,
826,146433,16,70578798,70704585,609,42,455258,4.462,4.0608E-06,IL34,
827,146540,16,30581994,30632092,84,20,455258,2.1845,0.014463,ZNF785,
828,146542,16,30570998,30620243,74,23,455258,2.1214,0.016944,ZNF688,
829,146547,16,31140244,31196415,118,22,455258,3.1547,0.00080337,PRSS36,
830,146691,17,17736822,17910784,520,24,455258,2.8512,0.002178,TOM1L2,
831,147646,19,51881543,51928828,225,30,455258,2.2592,0.011936,C19orf84,
832,147699,19,45966731,46015768,191,33,455258,3.6818,0.00011581,PPM1N,
833,147700,19,45808998,45864864,240,42,455258,4.9323,4.0644E-07,KLC3,
834,147710,19,45081911,45150081,281,43,455258,7.7835,3.5264E-15,IGSF23,
835,147798,19,54653833,54711944,276,51,455258,3.0493,0.001147,TMC4,
836,147912,19,46258043,46307497,146,25,455258,2.7911,0.0026264,SIX5,
837,148003,19,40111558,40161287,185,18,455258,3.0371,0.0011943,LGALS16,
838,148229,19,1772074,1847275,250,50,455258,3.2033,0.00067942,ATP8B3,
839,148327,1,153905315,153956840,96,19,455258,1.9887,0.023366,CREB3L4,
840,148418,1,84729049,84826481,285,45,455258,2.5056,0.0061127,SAMD13,
841,148932,1,47063387,47117563,199,28,455258,2.0096,0.022237,MOB3C,
842,150221,22,21889955,21940750,83,9,455258,2.3444,0.0095297,RIMBP3C,
843,152519,4,47983791,48049084,292,27,455258,2.2159,0.013349,NIPAL1,
844,152756,4,165843100,165890273,238,31,455258,2.5014,0.0061843,FAM218A,
845,152940,4,159804684,159991333,717,45,455258,2.282,0.011246,C4orf45,
846,153364,5,89744020,89805585,163,32,455258,2.1362,0.016333,MBLAC2,
847,153527,5,140043265,140096248,177,23,455258,2.7594,0.0028958,ZMAT2,
848,154865,7,123081993,123209718,370,33,455258,1.9926,0.023154,IQUB,
849,161003,13,39530062,39599996,331,24,455258,2.0872,0.018437,STOML3,
850,162083,16,27043219,27090487,256,34,455258,3.2031,0.00067971,C16orf82,
851,162466,17,47290728,47344009,198,38,455258,4.8128,7.4408E-07,PHOSPHO1,
852,162494,17,30558195,30661680,386,53,455258,2.0298,0.021191,RHBDL3,
853,162699,18,44544573,44591449,174,28,455258,2.4234,0.007688,TCEB3C,
854,162979,19,45564758,45614688,198,20,455258,6.3184,1.3215E-10,ZNF296,
855,164592,22,21952086,22001616,122,20,455258,2.3296,0.0099136,CCDC116,
856,164633,22,30081344,30137822,232,44,455258,2.2309,0.012845,CABP7,
857,167465,5,71728238,71838249,443,36,455258,2.618,0.0044224,ZNF366,
858,170463,19,18494679,18555372,191,35,455258,2.3579,0.0091905,SSBP4,
859,199953,1,9613932,9684935,151,25,455258,2.0212,0.021632,TMEM201,
860,200205,1,228318429,228379958,155,31,455258,1.9612,0.024926,IBA57,
861,200232,20,55064785,55111208,154,21,455258,3.0448,0.0011641,FAM209A,
862,200734,2,65524580,65694733,606,36,455258,2.2238,0.013082,SPRED2,
863,200931,3,195908383,195970301,323,35,455258,2.2576,0.011986,SLC51A,
864,202374,5,146579526,146777418,895,67,455258,2.2791,0.011329,STK32A,
865,202915,7,1571871,1631066,264,40,455258,3.4695,0.00026075,TMEM184A,
866,203328,9,95785989,95857420,320,45,455258,2.8771,0.0020066,SUSD3,
867,219954,11,57875972,57921916,191,24,455258,2.2037,0.013773,OR9I1,
868,221002,10,43679983,43797367,522,46,455258,2.3687,0.0089261,RASGEF1A,
869,221393,6,47631289,47699757,364,20,455258,2.0136,0.022024,ADGRF4,
870,221395,6,46810242,46957681,780,60,455258,2.0799,0.018767,ADGRF5,
871,221914,7,99757229,99809990,137,21,455258,6.2244,2.4174E-10,GPC2,
872,222537,6,114366750,114698540,893,92,455258,2.1642,0.015225,HS3ST5,
873,222611,6,47589223,47675533,497,14,455258,2.0218,0.021596,ADGRF2,
874,222642,6,40975237,41022076,182,26,455258,2.735,0.0031189,TSPO2,
875,222643,6,40984640,41041938,217,27,455258,2.6796,0.0036854,UNC5CL,
876,222950,7,100046550,100102425,117,19,455258,2.3678,0.0089479,NYAP1,
877,245802,11,60067355,60118441,276,13,455258,6.0266,8.3713E-10,MS4A6E,
878,245812,7,99682265,99733131,162,34,455258,3.2567,0.00056364,CNPY4,
879,245927,6,49926390,49972338,154,26,455258,2.4977,0.0062502,DEFB113,
880,245928,6,49918005,49966818,162,24,455258,2.5329,0.0056555,DEFB114,
881,246329,12,57627241,57679971,86,24,455258,2.2008,0.013874,STAC3,
882,252983,17,53011119,53251646,808,32,455258,2.8655,0.0020818,STXBP4,
883,253980,16,29907657,29972545,117,17,455258,3.4622,0.0002679,KCTD13,
884,253982,16,29877147,29941181,135,28,455258,2.8826,0.0019723,ASPHD1,
885,254122,11,65566305,65631578,213,30,455258,2.7038,0.0034277,SNX32,
886,254973,9,125451269,125497204,209,9,455258,1.973,0.02425,OR1L4,
887,255022,10,105203144,105253648,199,39,455258,2.2638,0.011795,CALHM1,
888,255374,7,99689317,99736121,160,33,455258,3.6369,0.00013795,MBLAC1,
889,256987,5,79397050,79586898,974,96,455258,2.2035,0.013779,SERINC5,
890,257106,1,161006731,161074760,225,51,455258,3.6765,0.00011822,ARHGAP30,
891,257160,11,117068341,117166404,358,50,455258,2.3871,0.008492,RNF214,
892,259287,7,143139966,143185889,143,25,455258,2.7095,0.0033693,TAS2R41,
893,259307,19,50382911,50467796,354,57,455258,2.5731,0.005039,IL4I1,
894,266977,6,46957116,47045082,342,51,455258,1.9713,0.024347,ADGRF1,
895,267004,10,50713151,50767327,208,30,455258,2.1852,0.014438,PGBD3,
896,283208,11,73948532,74057699,480,39,455258,2.546,0.005448,P4HA3,
897,283209,11,74031361,74144502,467,40,455258,2.6378,0.0041719,PGM2L1,
898,283635,14,35479113,35562589,364,28,455258,2.1435,0.016035,FAM177A1,
899,283643,14,105921192,105975585,158,33,455258,2.4332,0.0074837,C14orf80,
900,283777,15,98970391,99092611,600,53,455258,3.0665,0.0010828,FAM169B,
901,283847,16,66778879,66870523,259,21,455258,2.9014,0.0018576,CCDC79,
902,283899,16,29972485,30027112,112,13,455258,3.7419,9.1315E-05,INO80E,
903,284018,17,65977217,66024765,145,18,455258,2.2565,0.012018,C17orf58,
904,284069,17,42421101,42476235,102,27,455258,3.2293,0.00062053,FAM171A2,
905,284119,17,40544467,40610506,285,28,455258,2.1889,0.014302,PTRF,
906,284161,17,57262828,57363331,249,23,455258,2.4774,0.0066171,GDPD1,
907,284266,18,43370545,43432521,202,27,455258,2.7456,0.0030202,SIGLEC15,
908,284348,19,44290079,44359808,397,28,455258,2.4774,0.0066165,LYPD5,
909,284349,19,44296445,44363050,375,28,455258,2.0927,0.018189,ZNF283,
910,284352,19,45561431,45660543,384,32,455258,7.0816,7.1228E-13,PPP1R37,
911,284353,19,45643008,45698408,245,38,455258,7.4569,4.4298E-14,NKPD1,
912,284358,19,49205999,49257976,231,20,455258,3.173,0.00075448,MAMSTR,
913,284359,19,49234073,49285831,200,32,455258,2.5979,0.0046896,IZUMO1,
914,284369,19,51719332,51782582,223,35,455258,3.2652,0.00054698,SIGLECL1,
915,284546,1,51407129,51623754,641,47,455258,2.4411,0.0073223,C1orf185,
916,285237,3,88163875,88217115,172,16,455258,2.0006,0.022716,C3orf38,
917,285429,4,41948713,41998484,193,21,455258,2.051,0.020133,DCAF4L1,
918,285755,6,109701418,109797374,338,29,455258,2.4177,0.0078092,PPIL6,
919,285852,6,41161062,41216120,422,38,455258,2.3936,0.0083411,TREML4,
920,286133,8,27717399,27885369,744,79,455258,3.0273,0.0012337,SCARA5,
921,317649,3,71718440,71838924,421,51,455258,2.178,0.014702,EIF4E3,
922,338398,7,143105546,143151502,155,32,455258,5.8636,2.2643E-09,TAS2R60,
923,338811,12,62092029,62621620,2269,114,455258,2.0502,0.020173,FAM19A2,
924,339105,16,31084745,31135289,112,17,455258,4.8744,5.4576E-07,PRSS53,
925,339344,19,46383281,46440862,290,35,455258,2.3731,0.0088198,MYPOP,
926,339345,19,46406472,46453036,192,35,455258,2.7744,0.0027649,NANOS2,
927,340205,6,41106998,41157087,122,31,455258,3.7258,9.7343E-05,TREML1,
928,341208,11,93719378,93857374,480,43,455258,2.1505,0.015759,HEPHL1,
929,348094,15,65169095,65261042,381,47,455258,1.9716,0.024328,ANKDD1A,
930,348235,17,57177308,57267800,190,37,455258,2.4991,0.0062259,SKA2,
931,348995,6,150035457,150102688,198,13,455258,2.223,0.013108,NUP43,
932,349149,7,99510892,99566833,176,24,455258,4.0027,3.1315E-05,GJC3,
933,352954,7,99788276,99904855,315,37,455258,5.6521,7.9227E-09,GATS,
934,353345,7,37535212,37791888,946,44,455258,2.4762,0.0066389,GPR141,
935,353514,19,54808353,54859409,246,50,455258,2.9794,0.0014443,LILRA5,
936,373509,15,50782759,50873902,310,21,455258,3.3741,0.00037023,USP50,
937,373863,5,140040381,140088171,155,22,455258,2.7677,0.002823,DND1,
938,374655,15,90509197,90635432,339,47,455258,2.3087,0.010481,ZNF710,
939,374860,18,14713239,14862737,491,27,455258,2.014,0.022004,ANKRD30B,
940,375686,8,145051582,145112015,182,35,455258,2.2167,0.013323,SPATC1,
941,375790,1,920503,1001499,488,50,455258,2.14,0.016176,AGRN,
942,386724,3,49744267,49792238,111,18,455258,2.2415,0.012496,AMIGO3,
943,387694,10,82262658,82416316,683,69,455258,2.5603,0.0052296,SH2D4B,
944,387695,10,85898511,85955050,185,43,455258,2.1461,0.015934,C10orf99,
945,387715,10,124179179,124226868,196,32,455258,2.885,0.0019573,ARMS2,
946,387718,10,127255091,127406735,438,47,455258,1.9829,0.023687,TEX36,
947,387885,12,113552543,113607081,204,29,455258,2.2715,0.011559,CCDC42B,
948,388324,17,4881425,4936214,242,43,455258,3.278,0.00052265,INCA1,
949,388325,17,5102215,5173997,336,34,455258,3.8412,6.1217E-05,SCIMP,
950,388551,19,45167421,45223986,242,50,455258,7.5247,2.6423E-14,CEACAM16,
951,388552,19,45647003,45695058,197,32,455258,7.2856,1.6009E-13,BLOC1S3,
952,388553,19,46201515,46277376,192,38,455258,3.58,0.00017179,BHMG1,
953,388799,20,55070960,55121576,183,30,455258,3.0211,0.0012592,FAM209B,
954,389118,3,49818165,49872254,131,29,455258,2.2976,0.010791,CDHR4,
955,389119,3,49805687,49852463,129,27,455258,2.1738,0.014859,FAM212A,
956,389289,5,43029182,43075447,134,23,455258,2.1813,0.014581,ANXA2R,
957,389541,7,99711530,99761833,133,31,455258,3.927,4.3003E-05,LAMTOR4,
958,390010,10,126125998,126173550,214,40,455258,2.2055,0.013708,NKX1-2,
959,391190,1,248077160,248123098,266,18,455258,2.1627,0.015282,OR2L8,
960,391191,1,248093634,248139641,295,14,455258,2.008,0.022323,OR2AK2,
961,392275,8,145067853,145116170,157,39,455258,2.3666,0.0089766,SMPD5,
962,392390,9,125477127,125523062,127,11,455258,2.1317,0.016516,OR1L6,
963,392391,9,125516212,125562174,139,12,455258,2.37,0.0088939,OR5C1,
964,392392,9,125527402,125573352,150,18,455258,2.5033,0.0061513,OR1K1,
965,399687,17,27390528,27542432,417,38,455258,2.8518,0.0021737,MYO18A,
966,399814,10,124447225,124494338,184,46,455258,2.1587,0.015437,C10orf120,
967,399939,11,89634640,89685878,39,11,455258,2.0509,0.020139,TRIM49D1,
968,400566,17,225118,274457,213,33,455258,2.5144,0.0059615,C17orf97,
969,400745,1,21036225,21094133,213,34,455258,3.1771,0.00074379,SH2D5,
970,400961,2,71399868,71489233,429,36,455258,2.3909,0.0084038,PAIP2B,
971,401387,7,91764169,91843900,145,21,455258,2.3249,0.010037,LRRD1,
972,401548,9,115476911,115647267,667,33,455258,2.0421,0.02057,SNX30,
973,402573,7,100044238,100097063,114,19,455258,2.4047,0.0080937,C7orf61,
974,403339,6,49903814,49952157,164,19,455258,2.5904,0.0047938,DEFB133,
975,404734,5,139746399,139939163,387,36,455258,2.1775,0.014723,ANKHD1-EIF4EBP3,
976,440345,16,21835889,21904843,32,13,455258,2.0814,0.018698,NPIPB4,
977,441272,7,99870325,99929819,109,24,455258,2.2326,0.012788,SPDYE3,
978,492311,5,139470521,139518391,68,22,455258,2.6109,0.0045158,IGIP,
979,642799,16,14806404,14869305,24,12,455258,2.0186,0.021765,NPIPA2,
980,642968,9,136432141,136509472,363,58,455258,2.2899,0.011013,FAM163B,
981,643680,11,59958726,60045575,340,25,455258,7.2032,2.9417E-13,MS4A4E,
982,646915,2,133029717,133086320,180,26,455258,2.8747,0.0020223,ZNF806,
983,654364,17,49195897,49259105,247,38,455258,2.4436,0.0072702,NME1-NME2,
984,654790,1,161193517,161265240,347,44,455258,2.408,0.0080194,PCP4L1,
985,727910,17,1596084,1648662,209,38,455258,2.7211,0.0032531,TLCD2,
986,728116,1,32895658,32963460,149,17,455258,2.3501,0.0093854,ZBTB8B,
987,728858,12,27223990,27270455,236,34,455258,1.9796,0.023875,C12orf71,
988,728929,18,44538658,44585298,162,26,455258,2.5376,0.0055816,TCEB3CL,
989,729830,4,152295398,152601655,964,28,455258,2.4434,0.0072744,FAM160A1,
990,730183,16,30699025,30744810,57,21,455258,4.0175,2.9409E-05,LOC730183,
991,100113407,6,11503460,11593757,363,24,455258,2.4641,0.0068678,TMEM170B,
992,100129083,19,51884160,51930679,230,30,455258,2.1692,0.015033,LOC100129083,
993,100130311,17,4767948,4816227,260,30,455258,3.8435,6.0637E-05,C17orf107,
994,100130357,6,13269527,13332314,347,23,455258,2.4208,0.0077428,LOC100130357,
995,100131187,1,160997418,161043887,158,33,455258,2.9062,0.0018294,TSTD1,
996,100134391,17,71698993,71762696,431,58,455258,2.9102,0.0018059,LOC100134391,
997,100141515,17,76107434,76172364,358,67,455258,1.9889,0.023355,C17orf99,
998,100316904,7,100159851,100206487,103,29,455258,2.1826,0.014533,SAP25,
999,100506571,1,228251610,228299258,116,28,455258,2.4077,0.0080268,LOC100506571,
1000,100506888,18,44532731,44579607,156,26,455258,2.496,0.0062793,TCEB3CL2,
1001,100506922,2,128100704,128156987,201,28,455258,1.9652,0.024697,LOC100506922,
1002,100507027,10,61486748,61548203,313,30,455258,2.3851,0.0085363,MRLN,
1003,100507050,11,74916950,74964749,112,20,455258,2.2438,0.012423,TPBGL,
1004,100507507,7,143066248,143113295,147,41,455258,6.7447,7.6694E-12,LOC100507507,
1005,100526767,2,86720553,86983245,669,45,455258,1.9672,0.024579,RNF103-CHMP3,
1006,100526794,2,18725989,18805846,249,47,455258,2.2954,0.010855,NT5C1B-RDH14,
1007,100528032,12,10514952,10597745,253,18,455258,2.3981,0.0082393,KLRC4-KLRK1,
1008,100529261,14,65346079,65539373,808,52,455258,2.1072,0.017548,CHURC1-FNTB,
1009,100533106,8,124228429,124321727,200,25,455258,2.9382,0.0016507,ZHX1-C8orf76,
1010,100533183,12,124422762,124810570,1506,122,455258,2.1283,0.016654,ZNF664-FAM101A,
1011,100652777,16,14786854,14862253,5,3,455258,2.3962,0.0082839,LOC100652777,
1012,100862671,16,30716512,30766517,66,25,455258,3.6852,0.00011427,TMEM265,
1013,101059914,4,165840646,165886778,230,30,455258,2.5653,0.0051546,LOC101059914,
1014,101059938,16,16438102,16497815,18,11,455258,2.4247,0.0076602,NPIPA7,
1015,101243544,10,50713151,50782584,275,28,455258,2.3989,0.0082218,ERCC6-PGBD3,
1016,101927322,18,56327241,56373761,164,30,455258,2.0757,0.018961,LOC101927322,
1017,101927401,1,228539180,228589500,162,28,455258,2.0465,0.020355,LOC101927401,
1018,101927655,7,100161654,100207705,100,31,455258,2.1352,0.016374,ZASP,
1019,101927853,11,65580493,65635968,163,24,455258,2.5891,0.0048107,LOC101927853,